group_id,domain,file
1,016c5d9dd9a8.ico,logos_downloaded\016c5d9dd9a8.ico
2,01b19da6a6fe.png,logos_downloaded\01b19da6a6fe.png
2,1fa209b98db4.png,logos_downloaded\1fa209b98db4.png
2,4e85b8ddbb83.png,logos_downloaded\4e85b8ddbb83.png
2,4efd589abea3.png,logos_downloaded\4efd589abea3.png
3,02d0a9330018.png,logos_downloaded\02d0a9330018.png
3,389d401b8392.png,logos_downloaded\389d401b8392.png
3,67c273fd43a5.png,logos_downloaded\67c273fd43a5.png
3,9db8ac8b566e.png,logos_downloaded\9db8ac8b566e.png
3,fbea45fd6176.png,logos_downloaded\fbea45fd6176.png
4,032fb3a396de.jpg,logos_downloaded\032fb3a396de.jpg
4,07cb954d76d7.jpg,logos_downloaded\07cb954d76d7.jpg
4,2aee1f3db4c8.jpg,logos_downloaded\2aee1f3db4c8.jpg
4,4a4edd200560.jpg,logos_downloaded\4a4edd200560.jpg
4,738aad11098a.jpg,logos_downloaded\738aad11098a.jpg
4,f97dc26a52ca.jpg,logos_downloaded\f97dc26a52ca.jpg
5,03eaaf89b74e.png,logos_downloaded\03eaaf89b74e.png
5,09cca9c4d7d5.png,logos_downloaded\09cca9c4d7d5.png
5,0b3d41042aa7.png,logos_downloaded\0b3d41042aa7.png
5,0bcd9eae0d38.png,logos_downloaded\0bcd9eae0d38.png
5,2d7b4b5d688b.png,logos_downloaded\2d7b4b5d688b.png
5,32214bce7241.png,logos_downloaded\32214bce7241.png
5,397363073ba9.png,logos_downloaded\397363073ba9.png
5,4dc81a5756f0.png,logos_downloaded\4dc81a5756f0.png
5,50880d4dbb70.png,logos_downloaded\50880d4dbb70.png
5,5c55cf7adc2b.png,logos_downloaded\5c55cf7adc2b.png
5,6095d0c00aa4.png,logos_downloaded\6095d0c00aa4.png
5,73b4c4634312.png,logos_downloaded\73b4c4634312.png
5,7c9a962ed6e0.png,logos_downloaded\7c9a962ed6e0.png
5,816db541cb8f.png,logos_downloaded\816db541cb8f.png
5,86c0cad0c36b.png,logos_downloaded\86c0cad0c36b.png
5,8a1352149159.png,logos_downloaded\8a1352149159.png
5,9cb47d2af5e7.png,logos_downloaded\9cb47d2af5e7.png
5,a37b7183961e.png,logos_downloaded\a37b7183961e.png
5,add7b497c6ba.png,logos_downloaded\add7b497c6ba.png
5,b9d0c92423fb.png,logos_downloaded\b9d0c92423fb.png
5,bd64fc27e096.png,logos_downloaded\bd64fc27e096.png
5,c0305256135f.png,logos_downloaded\c0305256135f.png
5,c407a994a23c.png,logos_downloaded\c407a994a23c.png
5,e22106a45eb4.png,logos_downloaded\e22106a45eb4.png
5,e399765ba00f.png,logos_downloaded\e399765ba00f.png
5,e9c1077122c0.png,logos_downloaded\e9c1077122c0.png
5,f05099f1915e.png,logos_downloaded\f05099f1915e.png
5,f2977b3796d8.png,logos_downloaded\f2977b3796d8.png
5,f99b4887b015.png,logos_downloaded\f99b4887b015.png
5,fc394b52946b.png,logos_downloaded\fc394b52946b.png
6,054a87d72512.png,logos_downloaded\054a87d72512.png
7,05bc778a29d1.jpg,logos_downloaded\05bc778a29d1.jpg
7,d7debbbdd195.jpg,logos_downloaded\d7debbbdd195.jpg
8,05d9da0d641d.ico,logos_downloaded\05d9da0d641d.ico
9,06e26abcd292.png,logos_downloaded\06e26abcd292.png
9,08782f87f8a9.png,logos_downloaded\08782f87f8a9.png
9,0cb2c6fa0348.png,logos_downloaded\0cb2c6fa0348.png
9,184854d31a27.png,logos_downloaded\184854d31a27.png
9,22e6e38e70dc.png,logos_downloaded\22e6e38e70dc.png
9,237baf155668.png,logos_downloaded\237baf155668.png
9,2f0850b2e3eb.png,logos_downloaded\2f0850b2e3eb.png
9,3acffbe8b5e4.png,logos_downloaded\3acffbe8b5e4.png
9,3b896ceb006d.png,logos_downloaded\3b896ceb006d.png
9,3d9fd7fbb22b.png,logos_downloaded\3d9fd7fbb22b.png
9,478bf2216061.png,logos_downloaded\478bf2216061.png
9,4abe3b956c64.png,logos_downloaded\4abe3b956c64.png
9,5bdb79e26378.png,logos_downloaded\5bdb79e26378.png
9,642dad541f31.png,logos_downloaded\642dad541f31.png
9,722a04ede86b.png,logos_downloaded\722a04ede86b.png
9,73f52fb60419.png,logos_downloaded\73f52fb60419.png
9,74629fe2331d.png,logos_downloaded\74629fe2331d.png
9,773851c8c031.png,logos_downloaded\773851c8c031.png
9,8769bb8d403f.png,logos_downloaded\8769bb8d403f.png
9,8bada13281f0.png,logos_downloaded\8bada13281f0.png
9,9900821492a3.png,logos_downloaded\9900821492a3.png
9,bf9c39ff70a5.png,logos_downloaded\bf9c39ff70a5.png
9,de37b6d5f6ab.png,logos_downloaded\de37b6d5f6ab.png
9,e2806566ce76.png,logos_downloaded\e2806566ce76.png
9,e61e44b52c9e.png,logos_downloaded\e61e44b52c9e.png
9,f6789c0808fd.png,logos_downloaded\f6789c0808fd.png
10,071bfb5f43a0.png,logos_downloaded\071bfb5f43a0.png
11,0896dad6bf3b.ico,logos_downloaded\0896dad6bf3b.ico
11,1f94eaec20e5.ico,logos_downloaded\1f94eaec20e5.ico
11,26f5caaf961a.ico,logos_downloaded\26f5caaf961a.ico
11,2a91bcf6cb03.ico,logos_downloaded\2a91bcf6cb03.ico
11,425512fecd27.ico,logos_downloaded\425512fecd27.ico
11,53cc725e1bdf.ico,logos_downloaded\53cc725e1bdf.ico
11,a99160fc99e6.ico,logos_downloaded\a99160fc99e6.ico
11,b65faf8a4a8d.ico,logos_downloaded\b65faf8a4a8d.ico
12,09f1f8c48974.ico,logos_downloaded\09f1f8c48974.ico
13,0d36cc8dee13.png,logos_downloaded\0d36cc8dee13.png
14,0d8e17e4780b.ico,logos_downloaded\0d8e17e4780b.ico
14,2525feb56c19.png,logos_downloaded\2525feb56c19.png
14,73af0745b534.ico,logos_downloaded\73af0745b534.ico
14,b1df09c14001.ico,logos_downloaded\b1df09c14001.ico
14,bdd684114d51.ico,logos_downloaded\bdd684114d51.ico
14,c9111c626d18.ico,logos_downloaded\c9111c626d18.ico
14,cfa3ecc503e1.png,logos_downloaded\cfa3ecc503e1.png
14,d5d8cadf7943.png,logos_downloaded\d5d8cadf7943.png
15,0e0b674effb7.png,logos_downloaded\0e0b674effb7.png
16,0e1617909444.png,logos_downloaded\0e1617909444.png
17,0ef774cfad3e.jpg,logos_downloaded\0ef774cfad3e.jpg
18,108a04a421df.png,logos_downloaded\108a04a421df.png
18,3ed5ac98ceb4.png,logos_downloaded\3ed5ac98ceb4.png
19,10f0869bbb35.jpg,logos_downloaded\10f0869bbb35.jpg
20,12c096290b19.ico,logos_downloaded\12c096290b19.ico
20,23bd87354788.ico,logos_downloaded\23bd87354788.ico
20,2742fdad030c.ico,logos_downloaded\2742fdad030c.ico
20,455efa691744.ico,logos_downloaded\455efa691744.ico
20,b15af5e43323.ico,logos_downloaded\b15af5e43323.ico
20,cc7831227f4c.ico,logos_downloaded\cc7831227f4c.ico
20,ec2b97d6c4d5.ico,logos_downloaded\ec2b97d6c4d5.ico
20,fe0ddad009db.ico,logos_downloaded\fe0ddad009db.ico
21,12d44f166d74.ico,logos_downloaded\12d44f166d74.ico
22,149ca09b5243.png,logos_downloaded\149ca09b5243.png
22,1b6c32f2c7cc.png,logos_downloaded\1b6c32f2c7cc.png
22,440c582a5f86.png,logos_downloaded\440c582a5f86.png
22,622e7b6dc5cd.png,logos_downloaded\622e7b6dc5cd.png
22,90f2ec11a155.png,logos_downloaded\90f2ec11a155.png
22,96d1f791cb1e.png,logos_downloaded\96d1f791cb1e.png
22,ba10d76935a6.png,logos_downloaded\ba10d76935a6.png
22,c92cc8551a45.png,logos_downloaded\c92cc8551a45.png
22,d72a20d5f870.png,logos_downloaded\d72a20d5f870.png
22,df1b3b9b64f0.png,logos_downloaded\df1b3b9b64f0.png
22,f2d37cbe21c8.png,logos_downloaded\f2d37cbe21c8.png
23,156a5c4cdbbb.jpg,logos_downloaded\156a5c4cdbbb.jpg
24,15a02158ae6d.png,logos_downloaded\15a02158ae6d.png
25,1659ef7bb047.webp,logos_downloaded\1659ef7bb047.webp
26,16b934c054ef.jpg,logos_downloaded\16b934c054ef.jpg
27,1848bd2a32e2.png,logos_downloaded\1848bd2a32e2.png
28,185d14091a5e.webp,logos_downloaded\185d14091a5e.webp
29,18b641a690bc.ico,logos_downloaded\18b641a690bc.ico
30,18b7ca4cabf8.ico,logos_downloaded\18b7ca4cabf8.ico
31,19d931855be8.webp,logos_downloaded\19d931855be8.webp
32,1a6e6dd61bb3.png,logos_downloaded\1a6e6dd61bb3.png
32,f5ac5cd30de6.png,logos_downloaded\f5ac5cd30de6.png
33,1b71890bd049.webp,logos_downloaded\1b71890bd049.webp
34,1c887237eb3c.png,logos_downloaded\1c887237eb3c.png
35,1d33cc985cb2.webp,logos_downloaded\1d33cc985cb2.webp
36,1d5af9058d36.png,logos_downloaded\1d5af9058d36.png
37,226f7af25b7d.png,logos_downloaded\226f7af25b7d.png
38,232b11c3cf2b.ico,logos_downloaded\232b11c3cf2b.ico
38,a67fac9240b3.ico,logos_downloaded\a67fac9240b3.ico
39,27739e209e00.ico,logos_downloaded\27739e209e00.ico
40,27aca621daba.png,logos_downloaded\27aca621daba.png
40,d0b62d0d7b19.png,logos_downloaded\d0b62d0d7b19.png
41,283255083ff5.ico,logos_downloaded\283255083ff5.ico
42,28ce1debb961.png,logos_downloaded\28ce1debb961.png
43,28f4984d63db.png,logos_downloaded\28f4984d63db.png
43,5f82f14ca868.png,logos_downloaded\5f82f14ca868.png
43,f4018c028d94.png,logos_downloaded\f4018c028d94.png
44,295122d65128.png,logos_downloaded\295122d65128.png
45,295c97c6750c.png,logos_downloaded\295c97c6750c.png
46,29a115f9fe6b.png,logos_downloaded\29a115f9fe6b.png
47,2a8604dce674.png,logos_downloaded\2a8604dce674.png
48,2ba6350f866a.jpg,logos_downloaded\2ba6350f866a.jpg
49,2c801ab6c5ae.png,logos_downloaded\2c801ab6c5ae.png
50,2cc70e273db1.png,logos_downloaded\2cc70e273db1.png
51,2cd87eea3215.png,logos_downloaded\2cd87eea3215.png
51,b2fa2ac8b33a.png,logos_downloaded\b2fa2ac8b33a.png
51,f2ab53fda1f6.jpg,logos_downloaded\f2ab53fda1f6.jpg
52,2d4677bd9a9e.ico,logos_downloaded\2d4677bd9a9e.ico
53,2ed4647a8f07.ico,logos_downloaded\2ed4647a8f07.ico
54,312febf0eb9a.jpg,logos_downloaded\312febf0eb9a.jpg
55,3194bebc910f.ico,logos_downloaded\3194bebc910f.ico
56,31c5d1aa846f.ico,logos_downloaded\31c5d1aa846f.ico
57,322e2703d208.webp,logos_downloaded\322e2703d208.webp
58,32456e196cfa.png,logos_downloaded\32456e196cfa.png
59,332bd944e04d.jpg,logos_downloaded\332bd944e04d.jpg
60,368a8b34642b.png,logos_downloaded\368a8b34642b.png
61,3727e865a760.jpg,logos_downloaded\3727e865a760.jpg
62,37f6480a810b.png,logos_downloaded\37f6480a810b.png
63,3859bad6dd48.ico,logos_downloaded\3859bad6dd48.ico
64,3b303dc41c87.ico,logos_downloaded\3b303dc41c87.ico
64,3f50ce900962.png,logos_downloaded\3f50ce900962.png
64,7da8cf863fe3.png,logos_downloaded\7da8cf863fe3.png
64,b34ecfd2d113.png,logos_downloaded\b34ecfd2d113.png
64,b48fe081f569.png,logos_downloaded\b48fe081f569.png
64,c7d8e91ed7cf.png,logos_downloaded\c7d8e91ed7cf.png
64,cb34306ef7eb.png,logos_downloaded\cb34306ef7eb.png
64,d940b9c95c08.png,logos_downloaded\d940b9c95c08.png
64,e587cf61cd93.png,logos_downloaded\e587cf61cd93.png
64,fb5e5151a34a.png,logos_downloaded\fb5e5151a34a.png
65,3ebc7c178efe.webp,logos_downloaded\3ebc7c178efe.webp
66,3ece49bcc343.png,logos_downloaded\3ece49bcc343.png
67,4007f6ff2c4f.jpg,logos_downloaded\4007f6ff2c4f.jpg
68,419b183c41bb.ico,logos_downloaded\419b183c41bb.ico
69,41a4d8c1f585.jpg,logos_downloaded\41a4d8c1f585.jpg
70,41e6c51cd3ec.jpg,logos_downloaded\41e6c51cd3ec.jpg
71,421750e2ac2c.webp,logos_downloaded\421750e2ac2c.webp
72,4252c2540457.jpg,logos_downloaded\4252c2540457.jpg
72,473aa0ba3064.jpg,logos_downloaded\473aa0ba3064.jpg
73,444b3fe92184.png,logos_downloaded\444b3fe92184.png
74,447388827a58.ico,logos_downloaded\447388827a58.ico
74,491809659c14.ico,logos_downloaded\491809659c14.ico
75,4736d8ac07bc.png,logos_downloaded\4736d8ac07bc.png
76,4793b2c3b4c8.jpg,logos_downloaded\4793b2c3b4c8.jpg
77,48a2d6753110.ico,logos_downloaded\48a2d6753110.ico
78,4b7dbedc0f74.jpg,logos_downloaded\4b7dbedc0f74.jpg
79,4d9c2d49d252.png,logos_downloaded\4d9c2d49d252.png
80,4e0be53adadc.png,logos_downloaded\4e0be53adadc.png
81,4eed83299aff.png,logos_downloaded\4eed83299aff.png
82,4f90e5b34cd6.ico,logos_downloaded\4f90e5b34cd6.ico
82,6dcc03aea887.png,logos_downloaded\6dcc03aea887.png
83,4ffe7647fa95.jpg,logos_downloaded\4ffe7647fa95.jpg
84,518096d51172.ico,logos_downloaded\518096d51172.ico
85,51bead1bf756.png,logos_downloaded\51bead1bf756.png
85,e307d3c836c7.png,logos_downloaded\e307d3c836c7.png
86,543b05058534.png,logos_downloaded\543b05058534.png
86,95ad5c7a89d1.png,logos_downloaded\95ad5c7a89d1.png
86,a1f318f17c4c.png,logos_downloaded\a1f318f17c4c.png
87,5536187cffe5.jpg,logos_downloaded\5536187cffe5.jpg
88,56218513d0d4.jpg,logos_downloaded\56218513d0d4.jpg
89,571fdb759116.png,logos_downloaded\571fdb759116.png
90,59c7727d7e97.png,logos_downloaded\59c7727d7e97.png
91,5ab6fca62a51.jpg,logos_downloaded\5ab6fca62a51.jpg
92,5b1f1533c039.png,logos_downloaded\5b1f1533c039.png
93,5b8fbc23335d.png,logos_downloaded\5b8fbc23335d.png
94,5bff4a088ab6.jpg,logos_downloaded\5bff4a088ab6.jpg
95,5c1ca23ed7f8.jpg,logos_downloaded\5c1ca23ed7f8.jpg
96,5ecbc33f7fe4.png,logos_downloaded\5ecbc33f7fe4.png
97,6016bb7b6df6.png,logos_downloaded\6016bb7b6df6.png
98,601cf7e5c7d8.jpg,logos_downloaded\601cf7e5c7d8.jpg
99,61280ef2c38a.jpg,logos_downloaded\61280ef2c38a.jpg
100,61efc900d6d8.ico,logos_downloaded\61efc900d6d8.ico
101,627973622e44.png,logos_downloaded\627973622e44.png
101,7f95db4a25c0.png,logos_downloaded\7f95db4a25c0.png
102,64f8e8b34386.ico,logos_downloaded\64f8e8b34386.ico
103,66b48a0a0a8c.jpg,logos_downloaded\66b48a0a0a8c.jpg
104,67e84d6e2000.png,logos_downloaded\67e84d6e2000.png
105,6a21c85d0226.ico,logos_downloaded\6a21c85d0226.ico
106,6ab450572c10.ico,logos_downloaded\6ab450572c10.ico
107,6abcb3a21312.png,logos_downloaded\6abcb3a21312.png
108,6b85c1e0a099.png,logos_downloaded\6b85c1e0a099.png
108,bd5ed4016985.png,logos_downloaded\bd5ed4016985.png
109,6d7c8238b4df.webp,logos_downloaded\6d7c8238b4df.webp
110,706ec820f2b8.ico,logos_downloaded\706ec820f2b8.ico
111,722708e50267.jpg,logos_downloaded\722708e50267.jpg
111,c72f26df7dbc.jpg,logos_downloaded\c72f26df7dbc.jpg
112,72355c7dfcad.png,logos_downloaded\72355c7dfcad.png
113,7247f2c90e19.png,logos_downloaded\7247f2c90e19.png
114,7469e9f18b0f.png,logos_downloaded\7469e9f18b0f.png
115,74f3c5a95308.png,logos_downloaded\74f3c5a95308.png
116,7563d51d1fd8.webp,logos_downloaded\7563d51d1fd8.webp
117,7566df4f68e1.png,logos_downloaded\7566df4f68e1.png
118,77a752441dcb.jpg,logos_downloaded\77a752441dcb.jpg
118,bf8a300ab3de.jpg,logos_downloaded\bf8a300ab3de.jpg
118,ec48c8ddebec.jpg,logos_downloaded\ec48c8ddebec.jpg
119,77cb53821b3e.ico,logos_downloaded\77cb53821b3e.ico
119,b4dabf16491f.ico,logos_downloaded\b4dabf16491f.ico
119,f0bf40db09e3.ico,logos_downloaded\f0bf40db09e3.ico
120,78472e6bf20e.ico,logos_downloaded\78472e6bf20e.ico
121,789447401dce.jpg,logos_downloaded\789447401dce.jpg
122,7b5775f358d3.png,logos_downloaded\7b5775f358d3.png
123,7c7ffbe5a4f2.png,logos_downloaded\7c7ffbe5a4f2.png
124,7f70c84ad170.webp,logos_downloaded\7f70c84ad170.webp
125,8247daaf0cb9.png,logos_downloaded\8247daaf0cb9.png
126,83c503fece1e.png,logos_downloaded\83c503fece1e.png
126,c9e4912e0493.png,logos_downloaded\c9e4912e0493.png
127,84eb805d5288.jpg,logos_downloaded\84eb805d5288.jpg
127,863e6465bbcf.jpg,logos_downloaded\863e6465bbcf.jpg
127,ab24d2b2aded.jpg,logos_downloaded\ab24d2b2aded.jpg
128,85909619483d.webp,logos_downloaded\85909619483d.webp
129,85a0af751c08.jpg,logos_downloaded\85a0af751c08.jpg
130,85e4c2834df3.png,logos_downloaded\85e4c2834df3.png
131,87419c5de5ef.jpg,logos_downloaded\87419c5de5ef.jpg
132,874f7c34afe9.png,logos_downloaded\874f7c34afe9.png
133,88e471e1a2b2.ico,logos_downloaded\88e471e1a2b2.ico
134,8aa0632e46d7.png,logos_downloaded\8aa0632e46d7.png
135,8b0cc338e1da.png,logos_downloaded\8b0cc338e1da.png
136,8b25cd67db43.jpg,logos_downloaded\8b25cd67db43.jpg
137,8bb1bbff5803.ico,logos_downloaded\8bb1bbff5803.ico
138,8d8c39ebdd00.png,logos_downloaded\8d8c39ebdd00.png
139,8e286c2b3c13.png,logos_downloaded\8e286c2b3c13.png
140,8e455de66fda.png,logos_downloaded\8e455de66fda.png
141,8e572a6a0919.ico,logos_downloaded\8e572a6a0919.ico
142,90000514ad18.jpg,logos_downloaded\90000514ad18.jpg
143,901a0fb0a3c5.png,logos_downloaded\901a0fb0a3c5.png
144,907ee00558f9.png,logos_downloaded\907ee00558f9.png
145,911046d77211.png,logos_downloaded\911046d77211.png
146,93d3c822b6a4.png,logos_downloaded\93d3c822b6a4.png
147,942dfe234c3a.webp,logos_downloaded\942dfe234c3a.webp
148,963d4abdd751.png,logos_downloaded\963d4abdd751.png
149,96d33a117f0f.ico,logos_downloaded\96d33a117f0f.ico
150,984d652d4c66.png,logos_downloaded\984d652d4c66.png
151,98d0bb3b0a8b.jpg,logos_downloaded\98d0bb3b0a8b.jpg
152,9949567380e8.png,logos_downloaded\9949567380e8.png
153,994a1c0d4c23.jpg,logos_downloaded\994a1c0d4c23.jpg
154,99a3f4c57a10.ico,logos_downloaded\99a3f4c57a10.ico
155,9a2eb090985d.jpg,logos_downloaded\9a2eb090985d.jpg
156,9ac0df344129.ico,logos_downloaded\9ac0df344129.ico
157,9d655cbb8901.png,logos_downloaded\9d655cbb8901.png
158,9f5b99f1ad6e.png,logos_downloaded\9f5b99f1ad6e.png
159,9feee311e582.jpg,logos_downloaded\9feee311e582.jpg
160,a0e67aaca738.jpg,logos_downloaded\a0e67aaca738.jpg
160,ceb8b0c847fd.jpg,logos_downloaded\ceb8b0c847fd.jpg
161,a1d1189876e4.jpg,logos_downloaded\a1d1189876e4.jpg
162,a1d19ee37d51.png,logos_downloaded\a1d19ee37d51.png
163,a2059a9c5ff1.ico,logos_downloaded\a2059a9c5ff1.ico
164,a2090c8dad10.png,logos_downloaded\a2090c8dad10.png
165,a411b09c9940.jpg,logos_downloaded\a411b09c9940.jpg
166,a69b808f15d1.jpg,logos_downloaded\a69b808f15d1.jpg
167,a71433daf044.ico,logos_downloaded\a71433daf044.ico
168,a796cda8e610.jpg,logos_downloaded\a796cda8e610.jpg
169,aaf2fb87663a.png,logos_downloaded\aaf2fb87663a.png
170,ab2787c64bf3.jpg,logos_downloaded\ab2787c64bf3.jpg
171,ab41127b4c53.jpg,logos_downloaded\ab41127b4c53.jpg
172,ac37a4c52183.png,logos_downloaded\ac37a4c52183.png
173,ae67c715f6ab.jpg,logos_downloaded\ae67c715f6ab.jpg
174,af28f26a6047.png,logos_downloaded\af28f26a6047.png
175,b01f187f0789.png,logos_downloaded\b01f187f0789.png
175,eed04760dd02.png,logos_downloaded\eed04760dd02.png
176,b12feba31f43.png,logos_downloaded\b12feba31f43.png
177,b1b1089f3e15.png,logos_downloaded\b1b1089f3e15.png
178,b1d946ea80a2.jpg,logos_downloaded\b1d946ea80a2.jpg
179,b31dfeb3f4da.ico,logos_downloaded\b31dfeb3f4da.ico
180,b3f1c24ac604.ico,logos_downloaded\b3f1c24ac604.ico
181,b4ecf8c2636f.jpg,logos_downloaded\b4ecf8c2636f.jpg
182,b82dc42b8fce.jpg,logos_downloaded\b82dc42b8fce.jpg
183,b86f34a53930.png,logos_downloaded\b86f34a53930.png
184,b910a73bae97.png,logos_downloaded\b910a73bae97.png
184,bc6891cc7d2b.png,logos_downloaded\bc6891cc7d2b.png
184,d46998772330.png,logos_downloaded\d46998772330.png
185,b9d901e66f38.png,logos_downloaded\b9d901e66f38.png
186,bc3cdd4d8c68.png,logos_downloaded\bc3cdd4d8c68.png
187,bca332d70dca.png,logos_downloaded\bca332d70dca.png
188,bcf2daae63dc.png,logos_downloaded\bcf2daae63dc.png
189,bd58c6bf3514.png,logos_downloaded\bd58c6bf3514.png
190,be37fefe43f0.jpg,logos_downloaded\be37fefe43f0.jpg
191,bfabb721fd48.png,logos_downloaded\bfabb721fd48.png
192,c01c2e4498d5.jpg,logos_downloaded\c01c2e4498d5.jpg
193,c0574040b0ab.png,logos_downloaded\c0574040b0ab.png
194,c29880912c1d.png,logos_downloaded\c29880912c1d.png
195,c332793e6127.webp,logos_downloaded\c332793e6127.webp
196,c47b6e3635b2.jpg,logos_downloaded\c47b6e3635b2.jpg
197,c48c9bd99a83.png,logos_downloaded\c48c9bd99a83.png
198,c599f34b8b13.jpg,logos_downloaded\c599f34b8b13.jpg
199,c76d5de9584d.ico,logos_downloaded\c76d5de9584d.ico
200,c969972c3903.ico,logos_downloaded\c969972c3903.ico
201,c9acdaab0a1d.png,logos_downloaded\c9acdaab0a1d.png
202,c9d37d549af7.png,logos_downloaded\c9d37d549af7.png
202,d646e74388cf.png,logos_downloaded\d646e74388cf.png
203,ca5e012a8a68.png,logos_downloaded\ca5e012a8a68.png
204,cac348e07b43.jpg,logos_downloaded\cac348e07b43.jpg
205,cc42d162aeac.jpg,logos_downloaded\cc42d162aeac.jpg
206,cc674432e9b8.jpg,logos_downloaded\cc674432e9b8.jpg
207,ccefc7d2b8a8.png,logos_downloaded\ccefc7d2b8a8.png
208,cd95f225cff5.png,logos_downloaded\cd95f225cff5.png
209,cef6fe2ee2cb.png,logos_downloaded\cef6fe2ee2cb.png
210,d0a971f7563a.png,logos_downloaded\d0a971f7563a.png
211,d1a9446ff252.jpg,logos_downloaded\d1a9446ff252.jpg
212,d39cd66e15db.png,logos_downloaded\d39cd66e15db.png
213,d58e54e93b83.png,logos_downloaded\d58e54e93b83.png
214,d5ade1197d2f.png,logos_downloaded\d5ade1197d2f.png
215,d5fb8af45ca5.png,logos_downloaded\d5fb8af45ca5.png
216,d63c6b61c854.ico,logos_downloaded\d63c6b61c854.ico
217,d6d3696f5231.png,logos_downloaded\d6d3696f5231.png
218,d6f43d57fa25.jpg,logos_downloaded\d6f43d57fa25.jpg
219,d8fa0b9f02df.png,logos_downloaded\d8fa0b9f02df.png
220,da45ed1e4317.ico,logos_downloaded\da45ed1e4317.ico
221,dc7e1a78d7b7.png,logos_downloaded\dc7e1a78d7b7.png
222,ddeee9d4621a.jpg,logos_downloaded\ddeee9d4621a.jpg
223,ddf98320d7f0.png,logos_downloaded\ddf98320d7f0.png
224,deb5990a6cf8.png,logos_downloaded\deb5990a6cf8.png
225,e0926a2e0e00.ico,logos_downloaded\e0926a2e0e00.ico
226,e21791a43b89.png,logos_downloaded\e21791a43b89.png
227,e32063c0af73.png,logos_downloaded\e32063c0af73.png
228,e46c761bb385.png,logos_downloaded\e46c761bb385.png
229,e9916e23a246.jpg,logos_downloaded\e9916e23a246.jpg
230,eca8912c7a06.webp,logos_downloaded\eca8912c7a06.webp
231,ed41b069d808.jpg,logos_downloaded\ed41b069d808.jpg
232,edcf34266055.ico,logos_downloaded\edcf34266055.ico
233,ef7b201f381d.png,logos_downloaded\ef7b201f381d.png
234,ef8b2109c223.png,logos_downloaded\ef8b2109c223.png
235,f1bc144e771a.ico,logos_downloaded\f1bc144e771a.ico
236,f3885a3d41b9.png,logos_downloaded\f3885a3d41b9.png
237,f49912837de3.png,logos_downloaded\f49912837de3.png
238,f4fbd5a842e2.png,logos_downloaded\f4fbd5a842e2.png
239,f609ecb3af5c.jpg,logos_downloaded\f609ecb3af5c.jpg
240,f6ca11ae5238.png,logos_downloaded\f6ca11ae5238.png
241,f949a3104b22.jpg,logos_downloaded\f949a3104b22.jpg
242,fc9c7125a851.ico,logos_downloaded\fc9c7125a851.ico
243,fcc214173a09.webp,logos_downloaded\fcc214173a09.webp
244,fd171c1161c6.jpg,logos_downloaded\fd171c1161c6.jpg
245,fd7b7254dffb.png,logos_downloaded\fd7b7254dffb.png
246,ff3434d4981e.png,logos_downloaded\ff3434d4981e.png
