domain,status,logo_url,file
016c5d9dd9a8.ico,ok,,logos_downloaded\016c5d9dd9a8.ico
01b19da6a6fe.png,ok,,logos_downloaded\01b19da6a6fe.png
02d0a9330018.png,ok,,logos_downloaded\02d0a9330018.png
032fb3a396de.jpg,ok,,logos_downloaded\032fb3a396de.jpg
03eaaf89b74e.png,ok,,logos_downloaded\03eaaf89b74e.png
054a87d72512.png,ok,,logos_downloaded\054a87d72512.png
05bc778a29d1.jpg,ok,,logos_downloaded\05bc778a29d1.jpg
05d9da0d641d.ico,ok,,logos_downloaded\05d9da0d641d.ico
06e26abcd292.png,ok,,logos_downloaded\06e26abcd292.png
071bfb5f43a0.png,ok,,logos_downloaded\071bfb5f43a0.png
07cb954d76d7.jpg,ok,,logos_downloaded\07cb954d76d7.jpg
08782f87f8a9.png,ok,,logos_downloaded\08782f87f8a9.png
0896dad6bf3b.ico,ok,,logos_downloaded\0896dad6bf3b.ico
09cca9c4d7d5.png,ok,,logos_downloaded\09cca9c4d7d5.png
09f1f8c48974.ico,ok,,logos_downloaded\09f1f8c48974.ico
0b3d41042aa7.png,ok,,logos_downloaded\0b3d41042aa7.png
0bcd9eae0d38.png,ok,,logos_downloaded\0bcd9eae0d38.png
0cb2c6fa0348.png,ok,,logos_downloaded\0cb2c6fa0348.png
0d36cc8dee13.png,ok,,logos_downloaded\0d36cc8dee13.png
0d8e17e4780b.ico,ok,,logos_downloaded\0d8e17e4780b.ico
0e0b674effb7.png,ok,,logos_downloaded\0e0b674effb7.png
0e1617909444.png,ok,,logos_downloaded\0e1617909444.png
0ef774cfad3e.jpg,ok,,logos_downloaded\0ef774cfad3e.jpg
108a04a421df.png,ok,,logos_downloaded\108a04a421df.png
10f0869bbb35.jpg,ok,,logos_downloaded\10f0869bbb35.jpg
12c096290b19.ico,ok,,logos_downloaded\12c096290b19.ico
12d44f166d74.ico,ok,,logos_downloaded\12d44f166d74.ico
149ca09b5243.png,ok,,logos_downloaded\149ca09b5243.png
156a5c4cdbbb.jpg,ok,,logos_downloaded\156a5c4cdbbb.jpg
15a02158ae6d.png,ok,,logos_downloaded\15a02158ae6d.png
1659ef7bb047.webp,ok,,logos_downloaded\1659ef7bb047.webp
16b934c054ef.jpg,ok,,logos_downloaded\16b934c054ef.jpg
184854d31a27.png,ok,,logos_downloaded\184854d31a27.png
1848bd2a32e2.png,ok,,logos_downloaded\1848bd2a32e2.png
185d14091a5e.webp,ok,,logos_downloaded\185d14091a5e.webp
18b641a690bc.ico,ok,,logos_downloaded\18b641a690bc.ico
18b7ca4cabf8.ico,ok,,logos_downloaded\18b7ca4cabf8.ico
198b3120629b.png,ok,,logos_downloaded\198b3120629b.png
19d931855be8.webp,ok,,logos_downloaded\19d931855be8.webp
1a6e6dd61bb3.png,ok,,logos_downloaded\1a6e6dd61bb3.png
1b6c32f2c7cc.png,ok,,logos_downloaded\1b6c32f2c7cc.png
1b71890bd049.webp,ok,,logos_downloaded\1b71890bd049.webp
1c887237eb3c.png,ok,,logos_downloaded\1c887237eb3c.png
1d33cc985cb2.webp,ok,,logos_downloaded\1d33cc985cb2.webp
1d5af9058d36.png,ok,,logos_downloaded\1d5af9058d36.png
1f94eaec20e5.ico,ok,,logos_downloaded\1f94eaec20e5.ico
1fa209b98db4.png,ok,,logos_downloaded\1fa209b98db4.png
226f7af25b7d.png,ok,,logos_downloaded\226f7af25b7d.png
22e6e38e70dc.png,ok,,logos_downloaded\22e6e38e70dc.png
232b11c3cf2b.ico,ok,,logos_downloaded\232b11c3cf2b.ico
237baf155668.png,ok,,logos_downloaded\237baf155668.png
23bd87354788.ico,ok,,logos_downloaded\23bd87354788.ico
2525feb56c19.png,ok,,logos_downloaded\2525feb56c19.png
256f455354ba.png,ok,,logos_downloaded\256f455354ba.png
25907c1e71a6.png,ok,,logos_downloaded\25907c1e71a6.png
26f5caaf961a.ico,ok,,logos_downloaded\26f5caaf961a.ico
2742fdad030c.ico,ok,,logos_downloaded\2742fdad030c.ico
27739e209e00.ico,ok,,logos_downloaded\27739e209e00.ico
27aca621daba.png,ok,,logos_downloaded\27aca621daba.png
283255083ff5.ico,ok,,logos_downloaded\283255083ff5.ico
28ce1debb961.png,ok,,logos_downloaded\28ce1debb961.png
28f4984d63db.png,ok,,logos_downloaded\28f4984d63db.png
295122d65128.png,ok,,logos_downloaded\295122d65128.png
295c97c6750c.png,ok,,logos_downloaded\295c97c6750c.png
29a115f9fe6b.png,ok,,logos_downloaded\29a115f9fe6b.png
2a8604dce674.png,ok,,logos_downloaded\2a8604dce674.png
2a91bcf6cb03.ico,ok,,logos_downloaded\2a91bcf6cb03.ico
2aee1f3db4c8.jpg,ok,,logos_downloaded\2aee1f3db4c8.jpg
2ba6350f866a.jpg,ok,,logos_downloaded\2ba6350f866a.jpg
2c801ab6c5ae.png,ok,,logos_downloaded\2c801ab6c5ae.png
2cc70e273db1.png,ok,,logos_downloaded\2cc70e273db1.png
2cd87eea3215.png,ok,,logos_downloaded\2cd87eea3215.png
2d4677bd9a9e.ico,ok,,logos_downloaded\2d4677bd9a9e.ico
2d7b4b5d688b.png,ok,,logos_downloaded\2d7b4b5d688b.png
2ed4647a8f07.ico,ok,,logos_downloaded\2ed4647a8f07.ico
2f0850b2e3eb.png,ok,,logos_downloaded\2f0850b2e3eb.png
312febf0eb9a.jpg,ok,,logos_downloaded\312febf0eb9a.jpg
3194bebc910f.ico,ok,,logos_downloaded\3194bebc910f.ico
31c5d1aa846f.ico,ok,,logos_downloaded\31c5d1aa846f.ico
32214bce7241.png,ok,,logos_downloaded\32214bce7241.png
322e2703d208.webp,ok,,logos_downloaded\322e2703d208.webp
32456e196cfa.png,ok,,logos_downloaded\32456e196cfa.png
332bd944e04d.jpg,ok,,logos_downloaded\332bd944e04d.jpg
368a8b34642b.png,ok,,logos_downloaded\368a8b34642b.png
3727e865a760.jpg,ok,,logos_downloaded\3727e865a760.jpg
37f6480a810b.png,ok,,logos_downloaded\37f6480a810b.png
3859bad6dd48.ico,ok,,logos_downloaded\3859bad6dd48.ico
389d401b8392.png,ok,,logos_downloaded\389d401b8392.png
397363073ba9.png,ok,,logos_downloaded\397363073ba9.png
3acffbe8b5e4.png,ok,,logos_downloaded\3acffbe8b5e4.png
3b303dc41c87.ico,ok,,logos_downloaded\3b303dc41c87.ico
3b896ceb006d.png,ok,,logos_downloaded\3b896ceb006d.png
3d9fd7fbb22b.png,ok,,logos_downloaded\3d9fd7fbb22b.png
3ebc7c178efe.webp,ok,,logos_downloaded\3ebc7c178efe.webp
3ece49bcc343.png,ok,,logos_downloaded\3ece49bcc343.png
3ed5ac98ceb4.png,ok,,logos_downloaded\3ed5ac98ceb4.png
3f50ce900962.png,ok,,logos_downloaded\3f50ce900962.png
4007f6ff2c4f.jpg,ok,,logos_downloaded\4007f6ff2c4f.jpg
419b183c41bb.ico,ok,,logos_downloaded\419b183c41bb.ico
41a4d8c1f585.jpg,ok,,logos_downloaded\41a4d8c1f585.jpg
41e6c51cd3ec.jpg,ok,,logos_downloaded\41e6c51cd3ec.jpg
421750e2ac2c.webp,ok,,logos_downloaded\421750e2ac2c.webp
4252c2540457.jpg,ok,,logos_downloaded\4252c2540457.jpg
425512fecd27.ico,ok,,logos_downloaded\425512fecd27.ico
440c582a5f86.png,ok,,logos_downloaded\440c582a5f86.png
444b3fe92184.png,ok,,logos_downloaded\444b3fe92184.png
447388827a58.ico,ok,,logos_downloaded\447388827a58.ico
455efa691744.ico,ok,,logos_downloaded\455efa691744.ico
4736d8ac07bc.png,ok,,logos_downloaded\4736d8ac07bc.png
473aa0ba3064.jpg,ok,,logos_downloaded\473aa0ba3064.jpg
478bf2216061.png,ok,,logos_downloaded\478bf2216061.png
4793b2c3b4c8.jpg,ok,,logos_downloaded\4793b2c3b4c8.jpg
48a2d6753110.ico,ok,,logos_downloaded\48a2d6753110.ico
491809659c14.ico,ok,,logos_downloaded\491809659c14.ico
4a0167c1321d.png,ok,,logos_downloaded\4a0167c1321d.png
4a4edd200560.jpg,ok,,logos_downloaded\4a4edd200560.jpg
4abe3b956c64.png,ok,,logos_downloaded\4abe3b956c64.png
4b7dbedc0f74.jpg,ok,,logos_downloaded\4b7dbedc0f74.jpg
4d9c2d49d252.png,ok,,logos_downloaded\4d9c2d49d252.png
4dc81a5756f0.png,ok,,logos_downloaded\4dc81a5756f0.png
4e0be53adadc.png,ok,,logos_downloaded\4e0be53adadc.png
4e85b8ddbb83.png,ok,,logos_downloaded\4e85b8ddbb83.png
4eed83299aff.png,ok,,logos_downloaded\4eed83299aff.png
4efd589abea3.png,ok,,logos_downloaded\4efd589abea3.png
4f90e5b34cd6.ico,ok,,logos_downloaded\4f90e5b34cd6.ico
4ffe7647fa95.jpg,ok,,logos_downloaded\4ffe7647fa95.jpg
50880d4dbb70.png,ok,,logos_downloaded\50880d4dbb70.png
518096d51172.ico,ok,,logos_downloaded\518096d51172.ico
51bead1bf756.png,ok,,logos_downloaded\51bead1bf756.png
53cc725e1bdf.ico,ok,,logos_downloaded\53cc725e1bdf.ico
543b05058534.png,ok,,logos_downloaded\543b05058534.png
5536187cffe5.jpg,ok,,logos_downloaded\5536187cffe5.jpg
56164a20daea.png,ok,,logos_downloaded\56164a20daea.png
56218513d0d4.jpg,ok,,logos_downloaded\56218513d0d4.jpg
571fdb759116.png,ok,,logos_downloaded\571fdb759116.png
598e06a15587.png,ok,,logos_downloaded\598e06a15587.png
59c7727d7e97.png,ok,,logos_downloaded\59c7727d7e97.png
5ab6fca62a51.jpg,ok,,logos_downloaded\5ab6fca62a51.jpg
5b1f1533c039.png,ok,,logos_downloaded\5b1f1533c039.png
5b8fbc23335d.png,ok,,logos_downloaded\5b8fbc23335d.png
5bdb79e26378.png,ok,,logos_downloaded\5bdb79e26378.png
5bff4a088ab6.jpg,ok,,logos_downloaded\5bff4a088ab6.jpg
5c1ca23ed7f8.jpg,ok,,logos_downloaded\5c1ca23ed7f8.jpg
5c55cf7adc2b.png,ok,,logos_downloaded\5c55cf7adc2b.png
5ecbc33f7fe4.png,ok,,logos_downloaded\5ecbc33f7fe4.png
5f82f14ca868.png,ok,,logos_downloaded\5f82f14ca868.png
6016bb7b6df6.png,ok,,logos_downloaded\6016bb7b6df6.png
601cf7e5c7d8.jpg,ok,,logos_downloaded\601cf7e5c7d8.jpg
6095d0c00aa4.png,ok,,logos_downloaded\6095d0c00aa4.png
61280ef2c38a.jpg,ok,,logos_downloaded\61280ef2c38a.jpg
61efc900d6d8.ico,ok,,logos_downloaded\61efc900d6d8.ico
622e7b6dc5cd.png,ok,,logos_downloaded\622e7b6dc5cd.png
627973622e44.png,ok,,logos_downloaded\627973622e44.png
642dad541f31.png,ok,,logos_downloaded\642dad541f31.png
64f8e8b34386.ico,ok,,logos_downloaded\64f8e8b34386.ico
66b48a0a0a8c.jpg,ok,,logos_downloaded\66b48a0a0a8c.jpg
67c273fd43a5.png,ok,,logos_downloaded\67c273fd43a5.png
67e84d6e2000.png,ok,,logos_downloaded\67e84d6e2000.png
6a21c85d0226.ico,ok,,logos_downloaded\6a21c85d0226.ico
6ab450572c10.ico,ok,,logos_downloaded\6ab450572c10.ico
6abcb3a21312.png,ok,,logos_downloaded\6abcb3a21312.png
6ac699308eef.png,ok,,logos_downloaded\6ac699308eef.png
6b85c1e0a099.png,ok,,logos_downloaded\6b85c1e0a099.png
6d7c8238b4df.webp,ok,,logos_downloaded\6d7c8238b4df.webp
6dcc03aea887.png,ok,,logos_downloaded\6dcc03aea887.png
706ec820f2b8.ico,ok,,logos_downloaded\706ec820f2b8.ico
70cbf51bbfe9.png,ok,,logos_downloaded\70cbf51bbfe9.png
722708e50267.jpg,ok,,logos_downloaded\722708e50267.jpg
722a04ede86b.png,ok,,logos_downloaded\722a04ede86b.png
72355c7dfcad.png,ok,,logos_downloaded\72355c7dfcad.png
7247f2c90e19.png,ok,,logos_downloaded\7247f2c90e19.png
738aad11098a.jpg,ok,,logos_downloaded\738aad11098a.jpg
73af0745b534.ico,ok,,logos_downloaded\73af0745b534.ico
73b4c4634312.png,ok,,logos_downloaded\73b4c4634312.png
73f52fb60419.png,ok,,logos_downloaded\73f52fb60419.png
74629fe2331d.png,ok,,logos_downloaded\74629fe2331d.png
7469e9f18b0f.png,ok,,logos_downloaded\7469e9f18b0f.png
74f3c5a95308.png,ok,,logos_downloaded\74f3c5a95308.png
7563d51d1fd8.webp,ok,,logos_downloaded\7563d51d1fd8.webp
7566df4f68e1.png,ok,,logos_downloaded\7566df4f68e1.png
773851c8c031.png,ok,,logos_downloaded\773851c8c031.png
77a752441dcb.jpg,ok,,logos_downloaded\77a752441dcb.jpg
77cb53821b3e.ico,ok,,logos_downloaded\77cb53821b3e.ico
78472e6bf20e.ico,ok,,logos_downloaded\78472e6bf20e.ico
789447401dce.jpg,ok,,logos_downloaded\789447401dce.jpg
7b5775f358d3.png,ok,,logos_downloaded\7b5775f358d3.png
7c7ffbe5a4f2.png,ok,,logos_downloaded\7c7ffbe5a4f2.png
7c9a962ed6e0.png,ok,,logos_downloaded\7c9a962ed6e0.png
7da8cf863fe3.png,ok,,logos_downloaded\7da8cf863fe3.png
7f70c84ad170.webp,ok,,logos_downloaded\7f70c84ad170.webp
7f95db4a25c0.png,ok,,logos_downloaded\7f95db4a25c0.png
816db541cb8f.png,ok,,logos_downloaded\816db541cb8f.png
8247daaf0cb9.png,ok,,logos_downloaded\8247daaf0cb9.png
83c503fece1e.png,ok,,logos_downloaded\83c503fece1e.png
84eb805d5288.jpg,ok,,logos_downloaded\84eb805d5288.jpg
85909619483d.webp,ok,,logos_downloaded\85909619483d.webp
85a0af751c08.jpg,ok,,logos_downloaded\85a0af751c08.jpg
85e4c2834df3.png,ok,,logos_downloaded\85e4c2834df3.png
863e6465bbcf.jpg,ok,,logos_downloaded\863e6465bbcf.jpg
86c0cad0c36b.png,ok,,logos_downloaded\86c0cad0c36b.png
87419c5de5ef.jpg,ok,,logos_downloaded\87419c5de5ef.jpg
874f7c34afe9.png,ok,,logos_downloaded\874f7c34afe9.png
8769bb8d403f.png,ok,,logos_downloaded\8769bb8d403f.png
88e471e1a2b2.ico,ok,,logos_downloaded\88e471e1a2b2.ico
89b12266d77f.png,ok,,logos_downloaded\89b12266d77f.png
8a1352149159.png,ok,,logos_downloaded\8a1352149159.png
8aa0632e46d7.png,ok,,logos_downloaded\8aa0632e46d7.png
8b0cc338e1da.png,ok,,logos_downloaded\8b0cc338e1da.png
8b25cd67db43.jpg,ok,,logos_downloaded\8b25cd67db43.jpg
8bada13281f0.png,ok,,logos_downloaded\8bada13281f0.png
8bb1bbff5803.ico,ok,,logos_downloaded\8bb1bbff5803.ico
8d8c39ebdd00.png,ok,,logos_downloaded\8d8c39ebdd00.png
8e286c2b3c13.png,ok,,logos_downloaded\8e286c2b3c13.png
8e455de66fda.png,ok,,logos_downloaded\8e455de66fda.png
8e572a6a0919.ico,ok,,logos_downloaded\8e572a6a0919.ico
90000514ad18.jpg,ok,,logos_downloaded\90000514ad18.jpg
901a0fb0a3c5.png,ok,,logos_downloaded\901a0fb0a3c5.png
907ee00558f9.png,ok,,logos_downloaded\907ee00558f9.png
90f2ec11a155.png,ok,,logos_downloaded\90f2ec11a155.png
911046d77211.png,ok,,logos_downloaded\911046d77211.png
93d3c822b6a4.png,ok,,logos_downloaded\93d3c822b6a4.png
942dfe234c3a.webp,ok,,logos_downloaded\942dfe234c3a.webp
95ad5c7a89d1.png,ok,,logos_downloaded\95ad5c7a89d1.png
963d4abdd751.png,ok,,logos_downloaded\963d4abdd751.png
96d1f791cb1e.png,ok,,logos_downloaded\96d1f791cb1e.png
96d33a117f0f.ico,ok,,logos_downloaded\96d33a117f0f.ico
984d652d4c66.png,ok,,logos_downloaded\984d652d4c66.png
98d0bb3b0a8b.jpg,ok,,logos_downloaded\98d0bb3b0a8b.jpg
9900821492a3.png,ok,,logos_downloaded\9900821492a3.png
9949567380e8.png,ok,,logos_downloaded\9949567380e8.png
994a1c0d4c23.jpg,ok,,logos_downloaded\994a1c0d4c23.jpg
99a3f4c57a10.ico,ok,,logos_downloaded\99a3f4c57a10.ico
99a7296db5e2.png,ok,,logos_downloaded\99a7296db5e2.png
9a2eb090985d.jpg,ok,,logos_downloaded\9a2eb090985d.jpg
9ac0df344129.ico,ok,,logos_downloaded\9ac0df344129.ico
9cb47d2af5e7.png,ok,,logos_downloaded\9cb47d2af5e7.png
9d655cbb8901.png,ok,,logos_downloaded\9d655cbb8901.png
9db8ac8b566e.png,ok,,logos_downloaded\9db8ac8b566e.png
9f5b99f1ad6e.png,ok,,logos_downloaded\9f5b99f1ad6e.png
9feee311e582.jpg,ok,,logos_downloaded\9feee311e582.jpg
a0086ecf7c98.png,ok,,logos_downloaded\a0086ecf7c98.png
a0e67aaca738.jpg,ok,,logos_downloaded\a0e67aaca738.jpg
a1d1189876e4.jpg,ok,,logos_downloaded\a1d1189876e4.jpg
a1d19ee37d51.png,ok,,logos_downloaded\a1d19ee37d51.png
a1f318f17c4c.png,ok,,logos_downloaded\a1f318f17c4c.png
a2059a9c5ff1.ico,ok,,logos_downloaded\a2059a9c5ff1.ico
a2090c8dad10.png,ok,,logos_downloaded\a2090c8dad10.png
a37b7183961e.png,ok,,logos_downloaded\a37b7183961e.png
a411b09c9940.jpg,ok,,logos_downloaded\a411b09c9940.jpg
a67fac9240b3.ico,ok,,logos_downloaded\a67fac9240b3.ico
a69b808f15d1.jpg,ok,,logos_downloaded\a69b808f15d1.jpg
a71433daf044.ico,ok,,logos_downloaded\a71433daf044.ico
a796cda8e610.jpg,ok,,logos_downloaded\a796cda8e610.jpg
a99160fc99e6.ico,ok,,logos_downloaded\a99160fc99e6.ico
a9c9992b400d.png,ok,,logos_downloaded\a9c9992b400d.png
aaf2fb87663a.png,ok,,logos_downloaded\aaf2fb87663a.png
ab24d2b2aded.jpg,ok,,logos_downloaded\ab24d2b2aded.jpg
ab2787c64bf3.jpg,ok,,logos_downloaded\ab2787c64bf3.jpg
ab41127b4c53.jpg,ok,,logos_downloaded\ab41127b4c53.jpg
ac37a4c52183.png,ok,,logos_downloaded\ac37a4c52183.png
acb2772f4892.png,ok,,logos_downloaded\acb2772f4892.png
add7b497c6ba.png,ok,,logos_downloaded\add7b497c6ba.png
ae67c715f6ab.jpg,ok,,logos_downloaded\ae67c715f6ab.jpg
af28f26a6047.png,ok,,logos_downloaded\af28f26a6047.png
b01f187f0789.png,ok,,logos_downloaded\b01f187f0789.png
b12feba31f43.png,ok,,logos_downloaded\b12feba31f43.png
b15af5e43323.ico,ok,,logos_downloaded\b15af5e43323.ico
b1b1089f3e15.png,ok,,logos_downloaded\b1b1089f3e15.png
b1d946ea80a2.jpg,ok,,logos_downloaded\b1d946ea80a2.jpg
b1df09c14001.ico,ok,,logos_downloaded\b1df09c14001.ico
b2fa2ac8b33a.png,ok,,logos_downloaded\b2fa2ac8b33a.png
b31dfeb3f4da.ico,ok,,logos_downloaded\b31dfeb3f4da.ico
b34ecfd2d113.png,ok,,logos_downloaded\b34ecfd2d113.png
b3f1c24ac604.ico,ok,,logos_downloaded\b3f1c24ac604.ico
b48fe081f569.png,ok,,logos_downloaded\b48fe081f569.png
b4dabf16491f.ico,ok,,logos_downloaded\b4dabf16491f.ico
b4ecf8c2636f.jpg,ok,,logos_downloaded\b4ecf8c2636f.jpg
b53446362404.png,ok,,logos_downloaded\b53446362404.png
b65faf8a4a8d.ico,ok,,logos_downloaded\b65faf8a4a8d.ico
b82dc42b8fce.jpg,ok,,logos_downloaded\b82dc42b8fce.jpg
b86f34a53930.png,ok,,logos_downloaded\b86f34a53930.png
b910a73bae97.png,ok,,logos_downloaded\b910a73bae97.png
b9d0c92423fb.png,ok,,logos_downloaded\b9d0c92423fb.png
b9d901e66f38.png,ok,,logos_downloaded\b9d901e66f38.png
ba10d76935a6.png,ok,,logos_downloaded\ba10d76935a6.png
bc3cdd4d8c68.png,ok,,logos_downloaded\bc3cdd4d8c68.png
bc6891cc7d2b.png,ok,,logos_downloaded\bc6891cc7d2b.png
bca332d70dca.png,ok,,logos_downloaded\bca332d70dca.png
bcf2daae63dc.png,ok,,logos_downloaded\bcf2daae63dc.png
bd58c6bf3514.png,ok,,logos_downloaded\bd58c6bf3514.png
bd5ed4016985.png,ok,,logos_downloaded\bd5ed4016985.png
bd64fc27e096.png,ok,,logos_downloaded\bd64fc27e096.png
bdd684114d51.ico,ok,,logos_downloaded\bdd684114d51.ico
be37fefe43f0.jpg,ok,,logos_downloaded\be37fefe43f0.jpg
bf8a300ab3de.jpg,ok,,logos_downloaded\bf8a300ab3de.jpg
bf9c39ff70a5.png,ok,,logos_downloaded\bf9c39ff70a5.png
bfabb721fd48.png,ok,,logos_downloaded\bfabb721fd48.png
c01c2e4498d5.jpg,ok,,logos_downloaded\c01c2e4498d5.jpg
c0305256135f.png,ok,,logos_downloaded\c0305256135f.png
c0574040b0ab.png,ok,,logos_downloaded\c0574040b0ab.png
c29880912c1d.png,ok,,logos_downloaded\c29880912c1d.png
c332793e6127.webp,ok,,logos_downloaded\c332793e6127.webp
c407a994a23c.png,ok,,logos_downloaded\c407a994a23c.png
c47b6e3635b2.jpg,ok,,logos_downloaded\c47b6e3635b2.jpg
c48c9bd99a83.png,ok,,logos_downloaded\c48c9bd99a83.png
c599f34b8b13.jpg,ok,,logos_downloaded\c599f34b8b13.jpg
c72f26df7dbc.jpg,ok,,logos_downloaded\c72f26df7dbc.jpg
c76d5de9584d.ico,ok,,logos_downloaded\c76d5de9584d.ico
c7d8e91ed7cf.png,ok,,logos_downloaded\c7d8e91ed7cf.png
c9111c626d18.ico,ok,,logos_downloaded\c9111c626d18.ico
c92cc8551a45.png,ok,,logos_downloaded\c92cc8551a45.png
c969972c3903.ico,ok,,logos_downloaded\c969972c3903.ico
c9acdaab0a1d.png,ok,,logos_downloaded\c9acdaab0a1d.png
c9d37d549af7.png,ok,,logos_downloaded\c9d37d549af7.png
c9e4912e0493.png,ok,,logos_downloaded\c9e4912e0493.png
ca5e012a8a68.png,ok,,logos_downloaded\ca5e012a8a68.png
cac348e07b43.jpg,ok,,logos_downloaded\cac348e07b43.jpg
cb34306ef7eb.png,ok,,logos_downloaded\cb34306ef7eb.png
cc42d162aeac.jpg,ok,,logos_downloaded\cc42d162aeac.jpg
cc674432e9b8.jpg,ok,,logos_downloaded\cc674432e9b8.jpg
cc7831227f4c.ico,ok,,logos_downloaded\cc7831227f4c.ico
ccefc7d2b8a8.png,ok,,logos_downloaded\ccefc7d2b8a8.png
cd95f225cff5.png,ok,,logos_downloaded\cd95f225cff5.png
ceb8b0c847fd.jpg,ok,,logos_downloaded\ceb8b0c847fd.jpg
cef6fe2ee2cb.png,ok,,logos_downloaded\cef6fe2ee2cb.png
cfa3ecc503e1.png,ok,,logos_downloaded\cfa3ecc503e1.png
d0a971f7563a.png,ok,,logos_downloaded\d0a971f7563a.png
d0b62d0d7b19.png,ok,,logos_downloaded\d0b62d0d7b19.png
d1a9446ff252.jpg,ok,,logos_downloaded\d1a9446ff252.jpg
d39cd66e15db.png,ok,,logos_downloaded\d39cd66e15db.png
d46998772330.png,ok,,logos_downloaded\d46998772330.png
d58e54e93b83.png,ok,,logos_downloaded\d58e54e93b83.png
d5ade1197d2f.png,ok,,logos_downloaded\d5ade1197d2f.png
d5d8cadf7943.png,ok,,logos_downloaded\d5d8cadf7943.png
d5fb8af45ca5.png,ok,,logos_downloaded\d5fb8af45ca5.png
d63c6b61c854.ico,ok,,logos_downloaded\d63c6b61c854.ico
d646e74388cf.png,ok,,logos_downloaded\d646e74388cf.png
d6d3696f5231.png,ok,,logos_downloaded\d6d3696f5231.png
d6f43d57fa25.jpg,ok,,logos_downloaded\d6f43d57fa25.jpg
d72a20d5f870.png,ok,,logos_downloaded\d72a20d5f870.png
d7debbbdd195.jpg,ok,,logos_downloaded\d7debbbdd195.jpg
d8fa0b9f02df.png,ok,,logos_downloaded\d8fa0b9f02df.png
d940b9c95c08.png,ok,,logos_downloaded\d940b9c95c08.png
da45ed1e4317.ico,ok,,logos_downloaded\da45ed1e4317.ico
dc7e1a78d7b7.png,ok,,logos_downloaded\dc7e1a78d7b7.png
ddeee9d4621a.jpg,ok,,logos_downloaded\ddeee9d4621a.jpg
ddf98320d7f0.png,ok,,logos_downloaded\ddf98320d7f0.png
de37b6d5f6ab.png,ok,,logos_downloaded\de37b6d5f6ab.png
deb5990a6cf8.png,ok,,logos_downloaded\deb5990a6cf8.png
df1b3b9b64f0.png,ok,,logos_downloaded\df1b3b9b64f0.png
e0926a2e0e00.ico,ok,,logos_downloaded\e0926a2e0e00.ico
e2084c5fb06c.png,ok,,logos_downloaded\e2084c5fb06c.png
e21791a43b89.png,ok,,logos_downloaded\e21791a43b89.png
e22106a45eb4.png,ok,,logos_downloaded\e22106a45eb4.png
e2806566ce76.png,ok,,logos_downloaded\e2806566ce76.png
e307d3c836c7.png,ok,,logos_downloaded\e307d3c836c7.png
e32063c0af73.png,ok,,logos_downloaded\e32063c0af73.png
e399765ba00f.png,ok,,logos_downloaded\e399765ba00f.png
e46c761bb385.png,ok,,logos_downloaded\e46c761bb385.png
e587cf61cd93.png,ok,,logos_downloaded\e587cf61cd93.png
e61e44b52c9e.png,ok,,logos_downloaded\e61e44b52c9e.png
e9916e23a246.jpg,ok,,logos_downloaded\e9916e23a246.jpg
e9c1077122c0.png,ok,,logos_downloaded\e9c1077122c0.png
ec2b97d6c4d5.ico,ok,,logos_downloaded\ec2b97d6c4d5.ico
ec48c8ddebec.jpg,ok,,logos_downloaded\ec48c8ddebec.jpg
eca8912c7a06.webp,ok,,logos_downloaded\eca8912c7a06.webp
ed41b069d808.jpg,ok,,logos_downloaded\ed41b069d808.jpg
edcf34266055.ico,ok,,logos_downloaded\edcf34266055.ico
eed04760dd02.png,ok,,logos_downloaded\eed04760dd02.png
ef7b201f381d.png,ok,,logos_downloaded\ef7b201f381d.png
ef8b2109c223.png,ok,,logos_downloaded\ef8b2109c223.png
f05099f1915e.png,ok,,logos_downloaded\f05099f1915e.png
f0bf40db09e3.ico,ok,,logos_downloaded\f0bf40db09e3.ico
f1bc144e771a.ico,ok,,logos_downloaded\f1bc144e771a.ico
f2977b3796d8.png,ok,,logos_downloaded\f2977b3796d8.png
f2ab53fda1f6.jpg,ok,,logos_downloaded\f2ab53fda1f6.jpg
f2d37cbe21c8.png,ok,,logos_downloaded\f2d37cbe21c8.png
f3885a3d41b9.png,ok,,logos_downloaded\f3885a3d41b9.png
f4018c028d94.png,ok,,logos_downloaded\f4018c028d94.png
f49912837de3.png,ok,,logos_downloaded\f49912837de3.png
f4fbd5a842e2.png,ok,,logos_downloaded\f4fbd5a842e2.png
f5ac5cd30de6.png,ok,,logos_downloaded\f5ac5cd30de6.png
f609ecb3af5c.jpg,ok,,logos_downloaded\f609ecb3af5c.jpg
f6789c0808fd.png,ok,,logos_downloaded\f6789c0808fd.png
f6ca11ae5238.png,ok,,logos_downloaded\f6ca11ae5238.png
f949a3104b22.jpg,ok,,logos_downloaded\f949a3104b22.jpg
f97dc26a52ca.jpg,ok,,logos_downloaded\f97dc26a52ca.jpg
f99b4887b015.png,ok,,logos_downloaded\f99b4887b015.png
fb5e5151a34a.png,ok,,logos_downloaded\fb5e5151a34a.png
fbea45fd6176.png,ok,,logos_downloaded\fbea45fd6176.png
fc394b52946b.png,ok,,logos_downloaded\fc394b52946b.png
fc9c7125a851.ico,ok,,logos_downloaded\fc9c7125a851.ico
fcc214173a09.webp,ok,,logos_downloaded\fcc214173a09.webp
fd171c1161c6.jpg,ok,,logos_downloaded\fd171c1161c6.jpg
fd7b7254dffb.png,ok,,logos_downloaded\fd7b7254dffb.png
fe0ddad009db.ico,ok,,logos_downloaded\fe0ddad009db.ico
fe1d5c909a08.png,ok,,logos_downloaded\fe1d5c909a08.png
ff3434d4981e.png,ok,,logos_downloaded\ff3434d4981e.png
